short_name,age,position,overall,international_reputation,league_name,true_value,pred_value,pct_error
João Félix,21,CF,83,2,Spain Primera Division,82000000.00000001,62174024.180717684,24.178019291807715
L. Goretzka,26,CM,87,4,German 1. Bundesliga,93000000.0000001,74175137.63593498,20.241787488242046
Neymar Jr,29,LW,91,5,French Ligue 1,128999999.99999978,111379824.67397127,13.659050640332202
F. Chiesa,23,RW,83,3,Italian Serie A,80500000.0000001,66153404.62832103,17.82185760457026
R. Sterling,26,LW,88,4,English Premier League,107500000.00000004,93161284.85873736,13.33833966629086
